10,engine_stat,total_comments,0
10,engine_stat,total_posts,0
10,engine_stat,total_users,0
20,latency_avg_ms,create_subreddit,251
20,latency_avg_ms,get_feed,365
20,latency_avg_ms,register_user,314
20,health_count,create_subreddit_success,100
20,health_count,get_feed_success,4
20,health_count,register_user_success,1000
20,engine_stat,total_comments,0
20,engine_stat,total_posts,0
20,engine_stat,total_users,0
30,latency_avg_ms,get_feed,-16
30,latency_avg_ms,get_subredditfeed,-48
30,health_count,create_subreddit_success,100
30,health_count,get_feed_success,21
30,health_count,get_subredditfeed_success,3
30,health_count,register_user_success,1000
30,engine_stat,total_comments,0
30,engine_stat,total_posts,0
30,engine_stat,total_users,1000
40,latency_avg_ms,create_post,-244
40,latency_avg_ms,get_feed,-87
40,latency_avg_ms,get_subredditfeed,232
40,health_count,create_post_success,2
40,health_count,create_subreddit_success,100
40,health_count,get_feed_success,44
40,health_count,get_subredditfeed_success,8
40,health_count,register_user_success,1000
40,engine_stat,total_comments,0
40,engine_stat,total_posts,1
40,engine_stat,total_users,1000
50,latency_avg_ms,create_vote,-70
50,latency_avg_ms,get_feed,-33
50,latency_avg_ms,get_subredditfeed,21
50,health_count,create_post_success,2
50,health_count,create_subreddit_success,100
50,health_count,create_vote_success,2
50,health_count,get_feed_success,75
50,health_count,get_subredditfeed_success,12
50,health_count,register_user_success,1000
50,engine_stat,total_comments,0
50,engine_stat,total_posts,2
50,engine_stat,total_users,1000
60,latency_avg_ms,create_comment,176
60,latency_avg_ms,create_post,106
60,latency_avg_ms,create_vote,-143
60,latency_avg_ms,get_feed,12
60,latency_avg_ms,get_subredditfeed,107
60,health_count,create_comment_success,1
60,health_count,create_post_success,3
60,health_count,create_subreddit_success,100
60,health_count,create_vote_success,6
60,health_count,get_feed_success,103
60,health_count,get_subredditfeed_success,15
60,health_count,register_user_success,1000
60,engine_stat,total_comments,1
60,engine_stat,total_posts,2
60,engine_stat,total_users,1000
70,latency_avg_ms,create_comment,-495
70,latency_avg_ms,create_vote,103
70,latency_avg_ms,get_feed,-47
70,latency_avg_ms,get_subredditfeed,43
70,health_count,create_comment_success,2
70,health_count,create_post_success,3
70,health_count,create_subreddit_success,100
70,health_count,create_vote_success,8
70,health_count,get_feed_success,137
70,health_count,get_subredditfeed_failed,1
70,health_count,get_subredditfeed_success,17
70,health_count,register_user_success,1000
70,engine_stat,total_comments,2
70,engine_stat,total_posts,3
70,engine_stat,total_users,1000
77,latency_avg_ms,create_repost,458
77,latency_avg_ms,create_vote,-65
77,latency_avg_ms,get_feed,-106
77,latency_avg_ms,get_subredditfeed,-309
77,health_count,create_comment_success,2
77,health_count,create_post_success,3
77,health_count,create_repost_success,1
77,health_count,create_subreddit_success,100
77,health_count,create_vote_success,10
77,health_count,get_feed_success,157
77,health_count,get_subredditfeed_failed,2
77,health_count,get_subredditfeed_success,18
77,health_count,register_user_success,1000
77,engine_stat,total_comments,2
77,engine_stat,total_posts,4
77,engine_stat,total_users,1000
10,latency_avg_ms,create_subreddit,419
10,latency_avg_ms,get_feed,-54
10,latency_avg_ms,get_subredditfeed,-253
10,latency_avg_ms,register_user,343
10,health_count,create_subreddit_success,100
10,health_count,get_feed_success,11
10,health_count,get_subredditfeed_success,1
10,health_count,register_user_success,1000
10,engine_stat,total_comments,0
10,engine_stat,total_posts,0
10,engine_stat,total_users,1000
20,latency_avg_ms,get_feed,-14
20,latency_avg_ms,get_subredditfeed,210
20,health_count,create_subreddit_success,100
20,health_count,get_feed_success,38
20,health_count,get_subredditfeed_success,3
20,health_count,register_user_success,1000
20,engine_stat,total_comments,0
20,engine_stat,total_posts,0
20,engine_stat,total_users,1000
30,latency_avg_ms,get_feed,-18
30,latency_avg_ms,get_subredditfeed,-325
30,health_count,create_subreddit_success,100
30,health_count,get_feed_success,64
30,health_count,get_subredditfeed_success,6
30,health_count,register_user_success,1000
30,engine_stat,total_comments,0
30,engine_stat,total_posts,0
30,engine_stat,total_users,1000
40,latency_avg_ms,get_feed,80
40,latency_avg_ms,get_subredditfeed,-11
40,health_count,create_subreddit_success,100
40,health_count,get_feed_success,94
40,health_count,get_subredditfeed_success,11
40,health_count,register_user_success,1000
40,engine_stat,total_comments,0
40,engine_stat,total_posts,0
40,engine_stat,total_users,1000
50,latency_avg_ms,get_feed,21
50,latency_avg_ms,get_subredditfeed,-37
50,latency_avg_ms,search_user,86
50,health_count,create_subreddit_success,100
50,health_count,get_feed_success,121
50,health_count,get_subredditfeed_failed,1
50,health_count,get_subredditfeed_success,13
50,health_count,register_user_success,1000
50,health_count,search_user_success,1
50,engine_stat,total_comments,0
50,engine_stat,total_posts,0
50,engine_stat,total_users,1000
60,latency_avg_ms,create_post,-30
60,latency_avg_ms,get_feed,79
60,latency_avg_ms,get_subredditfeed,-109
60,health_count,create_post_success,2
60,health_count,create_subreddit_success,100
60,health_count,get_feed_success,146
60,health_count,get_subredditfeed_failed,1
60,health_count,get_subredditfeed_success,16
60,health_count,register_user_success,1000
60,health_count,search_user_success,1
60,engine_stat,total_comments,0
60,engine_stat,total_posts,2
60,engine_stat,total_users,1000
70,latency_avg_ms,get_feed,-60
70,latency_avg_ms,get_subredditfeed,185
70,health_count,create_post_success,2
70,health_count,create_subreddit_success,100
70,health_count,get_feed_success,151
70,health_count,get_subredditfeed_failed,1
70,health_count,get_subredditfeed_success,18
70,health_count,register_user_success,1000
70,health_count,search_user_success,1
70,engine_stat,total_comments,0
70,engine_stat,total_posts,2
70,engine_stat,total_users,1000
